format,model,design,granularity,box_output,mAP50-95,mAP50,AP_small,AP_medium,AP_large,precision@0.25,recall@0.25,F1@0.25,best_F1,best_F1_conf,size_mb,latency_ms_median,latency_ms_p95,latency_round_spread_pct,mem_load_mb,mem_peak_added_mb,mem_baseline_mb,diff_vs_fp32_ci95,diff_significant,compression_ratio,accuracy_retained_pct,speedup_vs_fp32
ONNX,m0_fp32,M0 FP32 baseline,-,pixels,0.2811205449613395,0.4613409648565933,0.14031476888110705,0.3206789382197527,0.36793002047596224,0.6906730610219943,0.4597770744461263,0.5520545908167143,0.5520545908167143,0.25,7.92132,36.46389999994426,44.29617500463792,26.57710775877151,18.325503999999995,62.205951999999996,56.356864,"[0.0, 0.0]",False,1.0,100.0,1.0
ONNX,m1_all_int8_pc,M1 all INT8 (incl. head),per-channel,pixels,0.0,0.0,0.0,0.0,0.0,0.0,0.0,0.0,0.0,0.05,2.316409,,,,,,,"[-0.3043200923632881, -0.29497562645821723]",True,3.419655164524054,0.0,
ONNX,m1_all_int8_pt,M1 all INT8 (incl. head),per-tensor,pixels,0.0,0.0,0.0,0.0,0.0,0.0,0.0,0.0,0.0,0.05,2.242906,,,,,,,"[-0.3043200923632881, -0.29497562645821723]",True,3.531721793066673,0.0,
ONNX,m1_all_int8_pc_norm,M1 all INT8 (incl. head),per-channel,0-1,0.2553393259072357,0.4420853857297757,0.11286882853035332,0.29486134513774626,0.3483274960534116,0.672375341889333,0.43976881794413103,0.5317470881863561,0.5317470881863561,0.25,2.316409,25.14915000574547,30.025409999507247,9.649431494197696,16.179199999999994,51.798016000000004,56.303616,"[-0.02702311334708571, -0.023449646948908047]",True,3.419655164524054,90.82912312308967,1.4499058612960625
ONNX,m1_all_int8_pt_norm,M1 all INT8 (incl. head),per-tensor,0-1,0.2443087511098875,0.4309409361893506,0.10506179545358085,0.28302118671895127,0.33060718088760166,0.6636595744680851,0.42922801706343744,0.5213002423330826,0.5213002423330826,0.25,2.242906,25.26899999793386,30.051684997306438,15.06312083271266,15.798272000000004,51.4048,56.303616,"[-0.037444534879133885, -0.033679018762117215]",True,3.531721793066673,86.90533491370599,1.4430290079910466
ONNX,m2_backbone_int8_pc,M2 backbone INT8 | neck+head FP32,per-channel,pixels,0.27656078455204697,0.45429143842889563,0.14031829252615935,0.3155709969014207,0.3631436977517668,0.698962682391426,0.44692445300674283,0.545225624496374,0.545302065538127,0.2,4.943736,21.64334999906714,27.879640001992808,6.141378300424086,17.289215999999996,66.78528,56.295424,"[-0.0054678301708504145, -0.0020465822991306655]",True,1.6022942972683005,98.37800527531006,1.6847622942620208
ONNX,m2_backbone_int8_pt,M2 backbone INT8 | neck+head FP32,per-tensor,pixels,0.267974591234931,0.4444753755012913,0.1329761373340492,0.3053964326428408,0.3501721350479743,0.7063359639233371,0.4310719691757259,0.535395658861733,0.5387921499225737,0.2,4.908462,21.466900001541944,28.487069996481296,22.854254666818097,16.125952000000005,66.17907199999999,56.365056,"[-0.013539155040521595, -0.009838579460283063]",True,1.6138089690823723,95.32373070484181,1.6986104187062454
ONNX,m3_backbone_neck_int8_pc,M3 backbone+neck INT8 | head FP32,per-channel,pixels,0.27354863484287734,0.4518984461774881,0.13847590327942613,0.31383609538785834,0.3607037196138366,0.7068115814485612,0.442080638502821,0.543946089636139,0.5450038438004989,0.2,2.921676,25.16604999982519,30.094109999845383,11.64266939944839,17.031168,66.42483200000001,56.254464,"[-0.008715895781033677, -0.004799389689314206]",True,2.7112246532469717,97.30652552644153,1.4489321923860736
ONNX,m3_backbone_neck_int8_pt,M3 backbone+neck INT8 | head FP32,per-tensor,pixels,0.262192085804605,0.44122746744961905,0.13048349675305124,0.30253859354328755,0.3401017188360953,0.6987554088415042,0.43109949084904364,0.5332244008714597,0.5346525323910484,0.2,2.85822,25.166899999021553,30.1751150025666,5.999546999802335,16.60928,66.23641599999999,56.332288,"[-0.01979482702646516, -0.01600348401457741]",True,2.7714171757247517,93.26678199228108,1.4488832554411515
TFLite,tflite_m0_fp32,M0 FP32 baseline,-,0-1,0.2811205598391964,0.46134012358951443,0.14031493688600158,0.32067871217030053,0.36792940823305115,0.6906730610219943,0.4597770744461263,0.5520545908167143,0.5520545908167143,0.25,7.934916,31.760750003741123,37.87331499479478,5.8192895482808735,19.415040000000033,108.507136,261.144576,"[-4.3511132140523026e-07, 2.280568075042131e-07]",False,1.0,100.0,1.0
TFLite,tflite_m1_all_int8_pc,M1 all INT8 (incl. head),per-channel,0-1,0.2491195270785726,0.43365100969981285,0.1031544133844186,0.28565653658959694,0.34574720000719933,0.6606741573033708,0.43693408559240404,0.5260001656589083,0.5260001656589083,0.25,2.189424,25.278850000177044,30.205275004118448,9.630184922192221,8.101887999999974,69.48044799999997,261.799936,"[-0.032556434102585796, -0.02924485180523109]",True,3.6242025299804883,88.6166160244812,1.2564159367818821
TFLite,tflite_m1_all_int8_pt,M1 all INT8 (incl. head),per-tensor,0-1,0.23664161002917863,0.4204029012900662,0.09828048290292088,0.2743807388062124,0.32610621994433076,0.6433977089450394,0.4281821934773634,0.5141780686099544,0.5141780686099544,0.25,2.058464,25.236100002075545,30.623609997564927,9.985893232300263,8.06092799999999,69.36985599999997,261.849088,"[-0.046968653096541364, -0.04122578078674801]",True,3.8547752110311384,84.17798049510851,1.2585443076041447
TFLite,tflite_m2_backbone_int8_pc,M2 backbone INT8 | neck+head FP32,per-channel,0-1,0.2728184397891015,0.4492601996097238,0.131905269839551,0.31250119045381275,0.3600423675909387,0.7051670398173756,0.442080638502821,0.5434584024089049,0.5434584024089049,0.25,4.87998,30.16275000118185,35.77803000080166,15.593240010210362,14.045184000000006,95.40812799999998,261.361664,"[-0.009469197275891602, -0.006488276804249875]",True,1.6260140410411519,97.04677592601415,1.0529792542953365
TFLite,tflite_m2_backbone_int8_pt,M2 backbone INT8 | neck+head FP32,per-tensor,0-1,0.26354067076490534,0.43786329414581643,0.13244802433482436,0.3030827526789538,0.34312922621713016,0.7066205893052019,0.42768680335764414,0.5328578531383408,0.53305594816497,0.2,4.81762,30.60475000165752,37.27106000260391,16.757202723717654,14.159872000000007,95.52281600000003,260.878336,"[-0.019675824489476926, -0.014291697779401908]",True,1.6470614120665392,93.7464947123231,1.037771914556433
TFLite,tflite_m3_backbone_neck_int8_pc,M3 backbone+neck INT8 | head FP32,per-channel,0-1,0.2676814099064733,0.4480234023952565,0.12868509386658877,0.30452011893838726,0.352964910089394,0.7071928425901319,0.4394385578643181,0.5420535365708756,0.5420669486328831,0.2,2.813664,28.5047500001383,33.357079998313566,10.354239187191917,9.949184000000002,96.48947199999998,261.230592,"[-0.014554365170316007, -0.010565601640922264]",True,2.8201363062540517,95.21943541219098,1.114226576398215
TFLite,tflite_m3_backbone_neck_int8_pt,M3 backbone+neck INT8 | head FP32,per-tensor,0-1,0.2556957800500958,0.4351830297188729,0.12397986375008144,0.2950313868419108,0.33417639192153326,0.6902229088501435,0.4303564056694647,0.5301576538396339,0.5302478305058244,0.2,2.701392,28.657700000621844,33.769224995558034,17.437372843594527,9.42899200000005,95.95699200000001,261.312512,"[-0.028287596498132134, -0.02257585402491113]",True,2.937343414062084,90.95591592317409,1.1082797992529738
